index_code,arm,epoch_length,graph_type,n_train_windows,n_test_windows,pca_dims,mean_pr,median_pr,mean_lcc_frac,modal_argmax_id,pr_localised_flag,kmeans_crisis_mu,kmeans_n_train_clusters_used,kmeans_train_point_precision,kmeans_train_point_recall,kmeans_train_point_f1,kmeans_test_point_precision,kmeans_test_point_recall,kmeans_test_point_f1,kmeans_regime_persistence_gap,kmeans_regimes_absent_test,hmm_crisis_mu,hmm_n_train_clusters_used,hmm_dwell_calm,hmm_dwell_transitional,hmm_dwell_crisis,hmm_train_point_precision,hmm_train_point_recall,hmm_train_point_f1,hmm_test_point_precision,hmm_test_point_recall,hmm_test_point_f1,hmm_regime_persistence_gap,hmm_regimes_absent_test
SP500,raw,63,mst,944,328,112,60.106566524490795,40.20605770778303,1.0,FIN_BEN,False,0.544869392019762,3,0.4583333333333333,0.5729166666666666,0.5092592592592592,0.25,0.8148148148148148,0.38260869565217387,0.019466948679295992,0,0.3774947755461989,3,5.198664064167614,4.837651082789373,19.783076556020735,0.1498371335504886,0.9583333333333334,0.25915492957746483,0.12149532710280374,0.9629629629629629,0.21576763485477177,0.04409403521043975,0
SP500,raw,63,tmfg,944,328,130,61.766616269062,41.5740558628645,1.0,FIN_BEN,False,0.4221996883389278,3,0.29015544041450775,0.5833333333333334,0.38754325259515565,0.22330097087378642,0.8518518518518519,0.35384615384615387,0.035341694502741196,0,0.369065493752807,3,4.949991968001091,5.403256794954912,13.444263791944513,0.13996316758747698,0.7916666666666666,0.2378716744913928,0.027777777777777776,0.037037037037037035,0.031746031746031744,0.11012173063444364,0
SP500,raw,132,mst,465,164,65,51.51067457205009,32.587667867603514,1.0,UTL_LNT,False,0.5516537347188433,3,0.39655172413793105,0.4791666666666667,0.43396226415094336,0.29411764705882354,0.625,0.4,0.046447685140574436,0,0.4002986817772814,3,6.047636864285893,8.700007223528218,14.154778159722014,0.1744186046511628,0.625,0.2727272727272727,0.14864864864864866,0.6875,0.24444444444444446,0.051095605131989075,0
SP500,raw,132,tmfg,465,164,86,53.141309744722044,34.97620767752564,1.0,UTL_LNT,False,0.40608823943809,3,0.21666666666666667,0.5416666666666666,0.30952380952380953,0.19230769230769232,0.625,0.29411764705882354,0.05967554458120498,0,0.36355268875744,3,5.219038002856141,12.437523218100035,16.631436376347466,0.13733905579399142,0.6666666666666666,0.22775800711743774,0.14285714285714285,0.6875,0.23655913978494625,0.08722695296608811,0
SP500,raw,378,mst,201,74,38,45.419212328273986,26.297142189653194,1.0,FIN_BEN,False,0.4979097108966472,3,0.26,0.5909090909090909,0.36111111111111116,0.06896551724137931,0.2857142857142857,0.1111111111111111,0.02074008786145365,0,0.3943242432373627,3,7.499971633875399,6.188155697646136,11.991500734673162,0.1095890410958904,0.36363636363636365,0.16842105263157894,0.1,0.14285714285714285,0.11764705882352941,0.29159663865546215,1
SP500,raw,378,tmfg,201,74,42,46.66832781025779,28.27311167050205,1.0,UTL_LNT,False,0.49177882744984247,3,0.27450980392156865,0.6363636363636364,0.3835616438356165,0.07692307692307693,0.2857142857142857,0.12121212121212123,0.029440045248868785,0,0.4926968080008803,3,30.249989063210528,9.999999975117895,24.500021322099833,0.2653061224489796,0.5909090909090909,0.36619718309859156,0.0,0.0,0.0,0.4890785088334018,1
Nikkei225,raw,63,mst,918,319,98,39.6978588126637,28.70123841119422,1.0,MACHIN_6473,False,0.4849654428275776,3,,,,,,,0.326512416352796,0,0.43002809106948553,3,14.950601616415696,10.383660963302406,26.71645802756737,,,,,,,0.3924564238709049,0
Nikkei225,raw,63,tmfg,918,319,104,43.1960480991958,30.980356822308416,1.0,MACHIN_6473,False,0.40556443817705645,3,,,,,,,0.35484901824016407,0,0.4364657502979497,3,10.30036608394455,9.332730278224055,26.139190228012602,,,,,,,0.19722920778558217,1
Nikkei225,raw,132,mst,453,159,70,32.99334738539941,22.783739375023302,1.0,MACHIN_6473,False,0.43580736975448503,3,,,,,,,0.28896743967355715,1,0.42922811440060754,3,19.749260620640193,7.1013101722552445,19.696713723852238,,,,,,,0.20516663279821173,1
Nikkei225,raw,132,tmfg,453,159,77,37.084010600901635,26.074027758373663,1.0,MACHIN_6473,False,0.40757461113436727,3,,,,,,,0.3430735930735931,1,0.4414892605071317,3,29.986013571379868,10.318189190232072,29.342621885034468,,,,,,,0.09599999999999997,2
Nikkei225,raw,378,mst,195,72,42,25.307850588223896,19.526616893848676,1.0,TRADCO_8015,False,0.4510039908634447,3,,,,,,,0.01010904134484325,1,0.44248336108003083,3,48.000241673061986,17.86137085810594,30.67440000409154,,,,,,,0.6625402576489533,0
Nikkei225,raw,378,tmfg,195,72,47,30.01336754588515,23.498652409069315,1.0,TRADCO_8015,False,0.4574327805557288,3,,,,,,,0.01220043572984747,1,0.4574327805557288,3,19.47451922813234,31.596586101146848,21.001691259892887,,,,,,,0.05128205128205132,2
FTSE350,raw,63,mst,954,330,98,22.22362075435949,16.86803813290948,1.0,FIN_ALW,False,0.3229672480468618,3,,,,,,,0.06597869629515278,0,0.30382181432202254,3,4.987853384108713,10.603790115362289,12.463559996508137,,,,,,,0.42071451887696104,0
FTSE350,raw,63,tmfg,954,330,108,26.73746907689782,21.8973026131749,1.0,FIN_ALW,False,0.3242004353116762,3,,,,,,,0.09726868354111184,0,0.3297561407027774,3,16.56682101298148,18.695827649128823,20.000000003365646,,,,,,,0.25175850525209115,1
FTSE350,raw,132,mst,470,165,79,19.182373572645954,15.405563819742275,1.0,FIN_ALW,False,0.24872667848020524,3,,,,,,,0.09742283950617286,1,0.3445077232089159,3,10.886708807761304,20.720032939663614,13.000000000116414,,,,,,,0.22909090355781025,1
FTSE350,raw,132,tmfg,470,165,87,23.594514084081208,20.257902727180642,1.0,FIN_CTY,False,0.3396218110406832,3,,,,,,,0.036035811991070976,1,0.3445077232089159,3,27.151083912524914,15.441209709191439,13.000000000138234,,,,,,,0.03654485049833889,2
FTSE350,raw,378,mst,203,75,52,16.533383388535015,15.00032027376831,1.0,FIN_CTY,False,0.2960835107372588,3,,,,,,,0.011695906432748537,2,0.2960835107372588,3,12.812262254613486,21.38816912860854,17.999999999914525,,,,,,,0.5087472379112374,1
FTSE350,raw,378,tmfg,203,75,57,20.581391180753105,19.13747241260505,1.0,FIN_CTY,False,0.2960835107372588,3,,,,,,,0.21839035949068308,1,0.3212700590491317,3,15.075762735392336,12.049761816530737,17.51444323086398,,,,,,,0.06976744186046513,2
CSI300,raw,63,mst,909,316,30,10.108156517283568,7.884472837511664,1.0,CST_000858,False,0.41646515245696764,3,,,,,,,0.15526635434551625,0,0.5922778100507885,3,50.075511338018636,33.52167057360157,27.473728340301907,,,,,,,0.1465031838047449,0
CSI300,raw,63,tmfg,909,316,30,15.165850817042507,14.001718292987821,1.0,MAT_600219,False,0.41567415979556005,3,,,,,,,0.13446675630031513,0,0.40148254043215215,3,52.937429704950475,35.94242664968151,48.792781138487854,,,,,,,0.020981306764543423,0
CSI300,raw,132,mst,448,158,28,9.03873136405988,7.220325343667936,1.0,CST_000858,True,0.4229885348051392,3,,,,,,,0.17660106019556357,0,0.475728702579976,3,35.33284555017814,28.341889915702495,22.230183496417848,,,,,,,0.028000000000000025,2
CSI300,raw,132,tmfg,448,158,28,14.5622703122403,13.668496396410191,1.0,MAT_600219,False,0.4130301159315514,3,,,,,,,0.18669067011947682,0,0.4120512976826681,3,87.82569638915686,81.50849399575606,189.7618953248066,,,,,,,0.10228467980457712,0
CSI300,raw,378,mst,193,72,23,7.795616882416001,6.743871773794462,1.0,CST_000858,True,0.46162657836345034,3,,,,,,,0.09678340932807039,0,0.4019369898597406,3,57.80249268564065,16.23751017579055,22.262672742666652,,,,,,,0.08181781979689533,0
CSI300,raw,378,tmfg,193,72,23,13.966342430368536,13.611048658039538,1.0,MAT_600219,False,0.5228014069555544,3,,,,,,,0.05016933355834435,1,0.39771597583199836,3,inf,48.98188556527959,88.3170381763629,,,,,,,0.6560760667903525,0
