index_code,arm,epoch_length,graph_type,n_train_windows,n_test_windows,pca_dims,oov_rate_train_mean,oov_rate_test_mean,kmeans_crisis_mu,kmeans_n_train_clusters_used,kmeans_train_point_precision,kmeans_train_point_recall,kmeans_train_point_f1,kmeans_test_point_precision,kmeans_test_point_recall,kmeans_test_point_f1,kmeans_regime_persistence_gap,kmeans_regimes_absent_test,hmm_crisis_mu,hmm_n_train_clusters_used,hmm_dwell_calm,hmm_dwell_transitional,hmm_dwell_crisis,hmm_train_point_precision,hmm_train_point_recall,hmm_train_point_f1,hmm_test_point_precision,hmm_test_point_recall,hmm_test_point_f1,hmm_regime_persistence_gap,hmm_regimes_absent_test
SP500,raw,63,threshold,944,328,103,0.4065155893351465,0.478167150045426,0.5765845638421719,3,0.51,0.53125,0.5204081632653061,0.288135593220339,0.6296296296296297,0.3953488372093023,0.03966074309154836,0,0.5215919967467522,3,22.834813419844433,19.97969129959224,16.632961438889097,0.38666666666666666,0.6041666666666666,0.4715447154471545,0.25333333333333335,0.7037037037037037,0.37254901960784315,0.11015950349678698,0
SP500,raw,63,mst,944,328,112,0.5475723617114273,0.5866150674400726,0.5728289097145465,3,0.49514563106796117,0.53125,0.5125628140703518,0.2833333333333333,0.6296296296296297,0.3908045977011494,0.03384328689915502,0,0.5108085677788089,3,20.313048431324905,15.854100903517114,14.07359815405731,0.35542168674698793,0.6145833333333334,0.45038167938931295,0.25,0.6666666666666666,0.36363636363636365,0.019460025531599534,0
SP500,raw,63,tmfg,944,328,111,0.6953007381865863,0.7008547941854777,0.5619022255881185,3,0.46846846846846846,0.5416666666666666,0.5024154589371981,0.2698412698412698,0.6296296296296297,0.37777777777777777,0.06851777796016023,0,0.5241709843369415,3,23.530026860470187,11.249528495797922,12.766719896772104,0.3790849673202614,0.6041666666666666,0.465863453815261,0.2909090909090909,0.5925925925925926,0.39024390243902435,0.0472585049008436,0
SP500,raw,132,threshold,465,164,85,0.33220876852450937,0.4286506744007268,0.5349849885101988,3,0.323943661971831,0.4791666666666667,0.38655462184873945,0.20454545454545456,0.5625,0.3,0.04803142027419897,0,0.5349849885101988,3,36.616832276744546,33.47979650756457,17.78135325270653,0.323943661971831,0.4791666666666667,0.38655462184873945,0.16666666666666666,0.5625,0.2571428571428572,0.3331372167716286,0
SP500,raw,132,mst,465,164,104,0.517649505499584,0.5723539380809282,0.5335338456024785,3,0.3194444444444444,0.4791666666666667,0.3833333333333333,0.20454545454545456,0.5625,0.3,0.07292610454676363,0,0.5349027525769915,3,25.36534320580866,21.223012647191574,17.722759471298797,0.323943661971831,0.4791666666666667,0.38655462184873945,0.2571428571428571,0.5625,0.3529411764705882,0.05626644859409872,0
SP500,raw,132,tmfg,465,164,101,0.6964568506023354,0.7030802292263609,0.5710848948075004,3,0.46938775510204084,0.4791666666666667,0.4742268041237114,0.38095238095238093,0.5,0.4324324324324324,0.05708639846253353,0,0.529212121005358,3,26.27080650188775,20.192778178229197,18.7537934703144,0.3333333333333333,0.5208333333333334,0.40650406504065034,0.34615384615384615,0.5625,0.4285714285714286,0.0921710852562125,0
SP500,raw,378,threshold,201,74,61,0.289269982465894,0.44071865561836904,0.496367487727875,3,0.2549019607843137,0.5909090909090909,0.35616438356164387,0.1111111111111111,0.2857142857142857,0.16,0.3272534198864731,0,0.49534159322572674,3,21.271388651165996,20.425138189037625,51.98937383572702,0.2692307692307692,0.6363636363636364,0.37837837837837834,0.15,0.42857142857142855,0.2222222222222222,0.3378046434685594,0
SP500,raw,378,mst,201,74,88,0.4994155298008525,0.5931716100054208,0.5189294267056479,3,0.35135135135135137,0.5909090909090909,0.4406779661016949,0.11764705882352941,0.2857142857142857,0.16666666666666666,0.06845600779867252,0,0.5189294267056479,3,64.49773493182707,8.500349693493847,18.497962548680075,0.35135135135135137,0.5909090909090909,0.4406779661016949,0.11764705882352941,0.2857142857142857,0.16666666666666666,0.015539513521729664,0
SP500,raw,378,tmfg,201,74,73,0.7073479308329415,0.7189653837218306,0.47821949153460286,3,0.22950819672131148,0.6363636363636364,0.3373493975903614,0.1111111111111111,0.2857142857142857,0.16,0.07711044542468598,0,0.5229754849481445,3,147.00005374472238,6.333330766119173,16.999790317224498,0.3235294117647059,0.5,0.3928571428571429,0.0625,0.14285714285714285,0.08695652173913043,0.0072088045744613805,1
Nikkei225,raw,63,threshold,918,319,78,0.4121355070590697,0.4213245842410074,0.5256131784077778,3,,,,,,,0.0376642077213731,0,0.5293982110184009,3,17.294806555299033,14.366179801755472,15.933414371407887,,,,,,,0.1783274684521582,0
Nikkei225,raw,63,mst,918,319,96,0.5525860689536329,0.5559038662486938,0.5268077899492772,3,,,,,,,0.010128621338277447,0,0.5477155150907702,3,16.806857270318616,12.49744671340322,13.121389197290007,,,,,,,0.14081757351375054,0
Nikkei225,raw,63,tmfg,918,319,95,0.6984401733072387,0.6978153835254945,0.5727141137497368,3,,,,,,,0.07618162499822378,0,0.5565576660462934,3,17.62576440693664,6.767129749641096,8.839033159214521,,,,,,,0.13238186787006767,0
Nikkei225,raw,132,threshold,453,159,54,0.34219765281051623,0.3637760722026792,0.5567570332778753,3,,,,,,,0.08719786470451936,0,0.5493023783903217,3,17.279659590880517,17.873805407422626,13.778681410097972,,,,,,,0.3263513692003394,0
Nikkei225,raw,132,mst,453,159,86,0.5254019031940235,0.5421685676722453,0.5407231904672742,3,,,,,,,0.10235967735967737,0,0.5421713127703521,3,25.07586551358413,14.818143520030025,11.948909692872606,,,,,,,0.05389042920173711,0
Nikkei225,raw,132,tmfg,453,159,76,0.7026041082051857,0.7022350140354617,0.5587332677840765,3,,,,,,,0.05976130473195248,0,0.5393303725146411,3,18.309418441361505,8.253598711445598,12.143361499254977,,,,,,,0.20525802034009966,0
Nikkei225,raw,378,threshold,195,72,32,0.297283789656671,0.33419648462021345,0.5069181995716503,3,,,,,,,0.17908993304391732,0,0.5032838607386302,3,27.646147937678204,9.654288150375196,13.263109625487832,,,,,,,0.13628786446440777,0
Nikkei225,raw,378,mst,195,72,69,0.5144719687092568,0.5474144695543001,0.5046802353506427,3,,,,,,,0.15028103902349976,0,0.5027442823657712,3,34.987923921584766,18.244027532061725,16.996587995203384,,,,,,,0.07784564496893265,1
Nikkei225,raw,378,tmfg,195,72,45,0.7133130522961031,0.7128844946641557,0.5061297511356858,3,,,,,,,0.250511581015235,0,0.500633336654082,3,19.879803599932508,7.280877611711584,15.277621118712272,,,,,,,0.1168244790793811,1
FTSE350,raw,63,threshold,954,330,60,0.22583000408739104,0.3302410901467505,0.3924449487813071,3,,,,,,,0.041496257170667815,0,0.3811929753092403,3,12.877140215621338,10.651870261487776,13.865970705744331,,,,,,,0.03684237277530572,1
FTSE350,raw,63,mst,954,330,98,0.44012960985193095,0.5230322088812654,0.3763455586406462,3,,,,,,,0.045707761720643426,0,0.3938647102239485,3,25.556874775616084,12.73391765058209,11.649151899463625,,,,,,,0.026336425246021162,0
FTSE350,raw,63,tmfg,954,330,101,0.6686889363553657,0.6906803887935964,0.3647214306557863,3,,,,,,,0.03763358884429916,0,0.4322040343410508,3,35.779526669401186,7.226733702118578,10.199671914010747,,,,,,,0.2581118597348143,0
FTSE350,raw,132,threshold,470,165,41,0.18279138230964803,0.2825805222031637,0.3516841593473356,3,,,,,,,0.10804924513294378,0,0.3383523600705895,3,13.952564422126914,12.614349551086754,18.710614830096468,,,,,,,0.35322767134637073,0
FTSE350,raw,132,mst,470,165,88,0.43674227217984746,0.5236134934248141,0.34474005152827786,3,,,,,,,0.06677035887562204,0,0.35515285107493677,3,16.175993115909538,12.826191109331605,13.119479229093704,,,,,,,0.07469232224858009,0
FTSE350,raw,132,tmfg,470,165,84,0.6857821490699854,0.7053649704593101,0.34740834404968474,3,,,,,,,0.07197112167679921,0,0.3776311008510576,3,58.46107008769942,6.4805672207141765,5.5247818270967075,,,,,,,0.30410419668074784,0
FTSE350,raw,378,threshold,203,75,23,0.1448554698392044,0.26540880503144654,0.3128180502709481,3,,,,,,,0.14328370554177006,0,0.3215747695004264,3,15.393604955988726,7.835093786938308,16.508674681642137,,,,,,,0.359663177670424,0
FTSE350,raw,378,mst,203,75,80,0.41625615763546797,0.5479454926624738,0.29012225614762044,3,,,,,,,0.22286513898930538,0,0.32013780185094703,3,10.792008501580474,9.681306199180039,13.954417837504703,,,,,,,0.17599346076458755,1
FTSE350,raw,378,tmfg,203,75,50,0.709065278681414,0.7257442348008386,0.30637684715891855,3,,,,,,,0.10808630779313083,0,0.3471076542854825,3,12.42562677683856,7.690569737009097,9.995900306411881,,,,,,,0.3369047619047619,1
CSI300,raw,63,threshold,909,316,31,0.25903006967363407,0.15064609704641352,0.5477738700990108,3,,,,,,,0.0427240495436925,0,0.4666622154039574,3,4.255894184347446,4.352806901404474,4.90893867202504,,,,,,,0.3309862751127767,0
CSI300,raw,63,mst,909,316,63,0.4490740740740741,0.37436269338959216,0.5697202524136092,3,,,,,,,0.07921192823345764,0,0.5724539616941494,3,14.9328983948382,3.656748780396468,11.048837831361618,,,,,,,0.3763159560392871,0
CSI300,raw,63,tmfg,909,316,65,0.6676827404962719,0.6588212025316456,0.5835189932167791,3,,,,,,,0.10435257994081526,0,0.5864970859031212,3,10.439513640187661,2.394705385151131,8.742179657155521,,,,,,,0.11066616287624348,1
CSI300,raw,132,threshold,448,158,19,0.1962890625,0.10544127988748242,0.5650755640031495,3,,,,,,,0.1538265899836797,0,0.474987773444482,3,8.478700683313766,4.351660566943903,6.693545326363189,,,,,,,0.5791532656026687,0
CSI300,raw,132,mst,448,158,54,0.4355003720238095,0.3765822784810127,0.5498230233036128,3,,,,,,,0.1054348501389016,0,0.5854150295877951,3,31.12243385892636,3.430333425566958,14.259938523067747,,,,,,,0.032163742690058506,2
CSI300,raw,132,tmfg,448,158,53,0.6841672867063492,0.6749736286919832,0.6195944873081759,3,,,,,,,0.4633947228879765,1,0.5552355966565319,3,2.2409832995996886,1.9285648477430068,11.727983104275236,,,,,,,0.45862662630955314,1
CSI300,raw,378,threshold,193,72,10,0.13593839953943582,0.07716049382716049,0.5304707642437823,3,,,,,,,0.31853668245594235,0,0.4408667024692328,3,13.250216615084248,5.606019182380732,7.063461844853743,,,,,,,0.3430444407777136,1
CSI300,raw,378,mst,193,72,37,0.4316350028785262,0.4048996913580247,0.5203979587331742,3,,,,,,,0.11553149068964502,1,0.5323834779900168,3,3.67314153031302,1.9219615373311336,8.557030109671038,,,,,,,0.7027897478497135,0
CSI300,raw,378,tmfg,193,72,65,0.703223949337939,0.699363425925926,0.4962988922800177,3,,,,,,,0.20539925191087985,0,0.521615410160136,3,4.141491081941092,2.071798887885259,8.37359807276957,,,,,,,0.2409120345927387,0
